fold,n_train,n_validation,cev_best_epoch,iav_best_epoch,cev_validation_auroc,iav_validation_auroc
1,10060,5030,3,2,0.8573652713773681,0.8522326228878647
2,10060,5030,4,2,0.8544771665386586,0.8519722862263186
3,10060,5030,2,2,0.8589780819625259,0.8573613205061191
