branch,epoch,train_loss
CEV,1,0.5400314310849723
CEV,2,0.47042623212782003
CEV,3,0.4306472671234002
IAV,1,0.5432642203266338
IAV,2,0.4741875059523825
