fold,n_train,n_validation,cev_best_epoch,iav_best_epoch,cev_validation_auroc,iav_validation_auroc
1,10060,5030,3,2,0.8499142345110087,0.8456040386584742
2,10060,5030,7,3,0.8474004736303125,0.8490394585253457
3,10060,5030,3,3,0.8533750155396295,0.8516824158912051
