fold,n_train,n_validation,cev_best_epoch,iav_best_epoch,cev_validation_auroc,iav_validation_auroc
1,10060,5030,3,3,0.8418004352278545,0.8347995071684589
2,10060,5030,4,2,0.8377593766001024,0.8360019841269841
3,10060,5030,5,4,0.8411485870176856,0.837281799201907
