{
  "split": "wandb/RAGTruth-processed:test",
  "n_examples": 2700,
  "cev_auroc": 0.8686514357657993,
  "iav_auroc": 0.8668896599633884,
  "fused_auroc": 0.8719842641251385,
  "fused_auroc_ci_95_lower": 0.8578414573620466,
  "fused_auroc_ci_95_upper": 0.8851301516188708,
  "fused_auprc": 0.8041983009987737,
  "accuracy": 0.7707407407407407,
  "balanced_accuracy": 0.785035286818187,
  "precision": 0.630016051364366,
  "recall": 0.8324496288441146,
  "f1": 0.7172224760164458,
  "brier_score": 0.1382077607688451,
  "ece_10_bins": 0.061748303788151444,
  "decision_threshold_from_train_oof": 0.3515151515151515
}