,Grounded,Fabricated,Plausible unsupported
Grounded,0.99999994,0.190342,0.15921155
Fabricated,0.190342,1.0000002,0.28210524
Plausible unsupported,0.15921155,0.28210524,1.0000002
