,Grounded,Fabricated,Plausible unsupported
Grounded,1.0000001,0.30839103,0.25340855
Fabricated,0.30839103,1.0000001,0.39275932
Plausible unsupported,0.25340855,0.39275932,1.0
